objectid,firfirmaid,stfstatusfirmaid,orfkode,firorgnr,firorgnrknytning,firfirmanavn1,firfirmanavn2,firpopnavn1,firpopnavn2,firgatenavn,firjuridisknavn,firgatenr,firgateoppgang,firgatepnr,gatepoststed,firpostboksadr,firpostboksnr,firpostboksnavn,firpostbokspnr,postbokspoststed,dmadresse,dmpostnr,dmpoststed,firtlfnr,firmobilnr,firfaxnr,firkommnr,firemail,firemailtype,firurl,firantansatt,firoms,firdriftres,koordinat_y,koordinat_x,koordinat_kvalitet,fyllandsdel,fylfylkenavn,knrkommnavn,bydbydelnr,bydbydelnavn,grunnkretsnr,grunnkretsnavn,konsernopporgnr,konsernoppnavn,konserntopporgnr,konserntoppnavn,etablertdato,selskapetsalder,tlklandkode,tlklandnavn,tlkverdensdelnr,tlkverdensdelnavn,nakkode1,naktittel1,nakkode2,naktittel2,nakkode3,naktittel3,nakkode4,naktittel4,nakkode5,naktittel5,nakkode6,naktittel6,nakkode7,naktittel7,nakkode8,naktittel8,nakkode9,naktittel9,nakkode10,naktittel10,kjedekode1,kjedetittel1,kjedekode2,kjedetittel2,kjedekode3,kjedetittel3,kjedekode4,kjedetittel4,kjedekode5,kjedetittel5,kjedekode6,kjedetittel6,kjedekode7,kjedetittel7,kjedekode8,kjedetittel8,kjedekode9,kjedetittel9,kjedekode10,kjedetittel10,firregtype,ansatt_kd,sektorkode,status_po,oms_kd,revi_orgnr,revi_navn,revi_rolle,revi_adresse,revi_postnr,revi_poststed,revi_land,crc,load_date,nakkategori2,nakkategori1,nakkategori3,nakkategori4,nakkategori5,firgateadresse,dl_navn,id_matrikkelen,regnskapsaar,adresseid,geo_x,geo_y,nakgruppekode1,nakgruppetekst1,nakgruppekode2,nakgruppetekst2,nakgruppekode3,nakgruppetekst3,nakgruppekode4,nakgruppetekst4,nakgruppekode5,nakgruppetekst5,nakgruppekode6,nakgruppetekst6,nakgruppekode7,nakgruppetekst7,nakgruppekode8,nakgruppetekst8,nakgruppekode9,nakgruppetekst9,nakgruppekode10,nakgruppetekst10,hovedgruppe,hovedgruppe_navn,grunnkrets_id,kommune_id,kommunenavn,fylke_id,fylkesnavn
9683,12886824,1,AS,989506471,,Magmat AS,,,,ALLÉEN,MAGMAT AS,16,,5160,Laksevåg,,,,,,Alléen 16,5160,Laksevåg,56907035,95273752,,4601,htei@broadpark.no,A,,,343.0,311.0,-33245,6733621,10,Vestlandet,Vestland,BERGEN,05,Laksevåg,46012004,Frydenbø,,,,,1140048000000,18,NO,Norway,1,Europa,64308,Familieeide egeninvesteringsselskaper,,,,,,,,,,,,,,,,,,,,,,,,,,,,,,,,,,,,,,,1.0,0-1,Øvrige finansielle foretak unntatt forsikring,Privat sektor,"0-0,9",,,,,,,,99D638D989992B60,1743828073000,64,6,643,6430,64308,"Alléen 16, 5160 Laksevåg",Helge Teigland,256910478.0,,,0.0,0.0,K,Finansierings- og forsikringsvirksomhet,,,,,,,,,,,,,,,,,,,0,,46012004,4601,Bergen,46,Vestland
11531,12891344,1,AS,911463830,,Ability Fm AS,,,,DAMSGÅRDSVEIEN,ABILITY FM AS,165,,5160,Laksevåg,,,,,,Damsgårdsveien 165,5160,Laksevåg,41784000,,,4601,post@abss.no,A,www.ability.no,1790.0,398242.0,10277.0,-33186,6733773,10,Vestlandet,Vestland,BERGEN,05,Laksevåg,46012004,Frydenbø,889724412,Ability Management AS,220874497,,210384000000,48,NO,Norway,1,Europa,81210,Rengjøring av bygninger,56290,Kantiner drevet som selvstendig virksomhet,56101,Drift av restauranter og kafeer,,,,,,,,,,,,,,,,,,,,,,,,,,,,,,,,,,,2.0,1000 eller mer,Private aksjeselskaper mv.,Privat sektor,100000-499999,,COLLEGIUM REVISJON AS                                                    ,REVI  ,Øvre Kråkenes 17                                                         ,5152.0,BØNES                                ,NO   ,107FBE1B32B0EBC0,1743828073000,81,8,812,8121,81210,"Damsgårdsveien 165, 5160 Laksevåg",Frode Standahl,256960067.0,,,0.0,0.0,N,Forretningsmessig tjenesteyting,I,Overnattings- og serveringsvirksomhet,I,Overnattings- og serveringsvirksomhet,,,,,,,,,,,,,,,0,,46012004,4601,Bergen,46,Vestland
25623,12930043,1,AS,991937099,,1+1 Regnskap AS,,,,DAMSGÅRDSVEIEN,1+1 REGNSKAP AS,167,,5160,Laksevåg,Postboks,1424,Oasen,5844,Bergen,Postboks 1424 Oasen,5844,Bergen,41469242,41469242,,4601,trond@1pluss1regnskap.no,B,,6.0,5935.0,18.0,-33212,6733768,10,Vestlandet,Vestland,BERGEN,05,Laksevåg,46012004,Frydenbø,,,,,1193011200000,16,NO,Norway,1,Europa,69201,Regnskap og bokføring,,,,,,,,,,,,,,,,,,,,,,,,,,,,,,,,,,,,,,,1.0,5-9,Private aksjeselskaper mv.,Privat sektor,5000-9999,,REVISOR-PARTNER AS                                                       ,REVI  ,Damsgårdsveien 143                                                       ,5160.0,LAKSEVÅG                             ,NO   ,058E56207635B08F,1743828073000,69,6,692,6920,69201,"Damsgårdsveien 167, 5160 Laksevåg",Trond Atle Hansen,256960071.0,,,0.0,0.0,M,"Faglig, vitenskapelig og teknisk tjenesteyting",,,,,,,,,,,,,,,,,,,0,,46012004,4601,Bergen,46,Vestland
28559,12937522,3,NUF,980110567,,L-G Persson Konsult AB,,,,DAMSGÅRDSVEIEN,L-G Persson Konsult AB,165,,5160,Laksevåg,,,,,,Damsgårdsveien 165,5160,Laksevåg,,,,4601,,,,,0.0,0.0,-33186,6733773,10,Vestlandet,Vestland,BERGEN,05,Laksevåg,46012004,Frydenbø,,,,,906940800000,25,NO,Norway,1,Europa,43210,Elektrisk installasjonsarbeid,,,,,,,,,,,,,,,,,,,,,,,,,,,,,,,,,,,,,,,7.0,0-1,,,"0-0,9",,,,,,,,107FBE1B5F0B626A,1743828073000,43,4,432,4321,43210,"Damsgårdsveien 165, 5160 Laksevåg",,256960067.0,,,0.0,0.0,F,Bygge- og anleggsvirksomhet,,,,,,,,,,,,,,,,,,,0,,46012004,4601,Bergen,46,Vestland
32082,12946816,3,ENK,891504632,,Therese Skauge,,,,Carl Konows Gate,Therese Skauge,5,,5162,Laksevåg,,,,,,Carl Konows Gate 5,5162,Laksevåg,55344899,40203385,,4601,therese.skauge@gmail.com,B,,,0.0,0.0,-33236,6733586,10,Vestlandet,Vestland,BERGEN,05,Laksevåg,46012004,Frydenbø,,,,,1184630400000,16,NO,Norway,1,Europa,90033,Selvstendig kunstnerisk virksomhet innen scenekunst,,,,,,,,,,,,,,,,,,,,,,,,,,,,,,,,,,,,,,,1.0,0-1,Personlig næringsdrivende,Privat sektor,"0-0,9",,,,,,,,32F9D6326906E767,1743828073000,90,9,900,9003,90033,"Carl Konows Gate 5, 5162 Laksevåg",Therese Skauge,256911968.0,,,0.0,0.0,R,"Kulturell virksomhet, underholdning og fritidsaktiviteter",,,,,,,,,,,,,,,,,,,0,,46012004,4601,Bergen,46,Vestland
77619,13069388,1,BEDR,985741301,976699963,Trox Auranor AS,AVD BERGEN,,,Damsgårdsveien,TROX AURANOR AS AVD BERGEN,167,-169,5160,Laksevåg,,,,,,Auranorvegen 6,2770,Jaren,,,,4601,,,,1.0,0.0,0.0,-33212,6733768,11,Vestlandet,Vestland,BERGEN,05,Laksevåg,46012004,Frydenbø,,,,,1051747200000,20,NO,Norway,1,Europa,28250,"Produksjon av kjøle- og ventilasjonsanlegg, unntatt til husholdningsbruk",,,,,,,,,,,,,,,,,,,,,,,,,,,,,,,,,,,,,,,4.0,0-1,,,"0-0,9",,,,,,,,058E5620D24D4FFB,1743828073000,28,2,282,2825,28250,"Damsgårdsveien 167-169, 5160 Laksevåg",,256960071.0,,,0.0,0.0,C,Industri,,,,,,,,,,,,,,,,,,,0,,46012004,4601,Bergen,46,Vestland
86454,13093574,1,ESEK,987361301,,Sameiet Alléen 13,,,,Alléen,Sameiet Alléen 13,13,,5160,Laksevåg,,,,,,Alléen 13,5160,Laksevåg,,91608933,,4601,oleidar@hotmail.com,B,,,0.0,0.0,-33267,6733642,10,Vestlandet,Vestland,BERGEN,05,Laksevåg,46012004,Frydenbø,,,,,1092873600000,19,NO,Norway,1,Europa,,,,,,,,,,,,,,,,,,,,,,,,,,,,,,,,,,,,,,,,,7.0,0-1,,,"0-0,9",,,,,,,,5C79632B3FC1AAE7,1743828073000,0,0,0,0,0,"Alléen 13, 5160 Laksevåg",,256910475.0,,,0.0,0.0,,,,,,,,,,,,,,,,,,,,,0,,46012004,4601,Bergen,46,Vestland
98931,13126353,1,ENK,889668792,,Ingeborg Maria Kallay,,,,Damsgårdsveien,Ingeborg Maria Kallay,167,-169,5160,Laksevåg,,,,,,Damsgårdsveien 167 -169,5160,Laksevåg,55349696,41259551,,4601,,,,,0.0,0.0,-33212,6733768,11,Vestlandet,Vestland,BERGEN,05,Laksevåg,46012004,Frydenbø,,,,,1147305600000,17,NO,Norway,1,Europa,86211,Allmenn legetjeneste,,,,,,,,,,,,,,,,,,,,,,,,,,,,,,,,,,,,,,,1.0,0-1,Personlig næringsdrivende,Privat sektor,"0-0,9",,,,,,,,058E5620F7897563,1743828073000,86,8,862,8621,86211,"Damsgårdsveien 167-169, 5160 Laksevåg",Ingeborg Maria Kallay,256960071.0,,,0.0,0.0,Q,Helse- og sosialtjenester,,,,,,,,,,,,,,,,,,,8,Annen virksomhet,46012004,4601,Bergen,46,Vestland
104041,13139829,1,AS,889724412,,Ability Management AS,,,,DAMSGÅRDSVEIEN,ABILITY MANAGEMENT AS,165,,5160,Laksevåg,,,,,,Damsgårdsveien 165,5160,Laksevåg,41781000,41782000,,4601,post@abss.no,A,www.ability.no,31.0,45802.0,5717.0,-33186,6733773,10,Vestlandet,Vestland,BERGEN,05,Laksevåg,46012004,Frydenbø,989272357,Eiendomspartner 1 AS,220874497,,1144368000000,18,NO,Norway,1,Europa,81210,Rengjøring av bygninger,70100,Hovedkontortjenester,,,,,,,,,,,,,,,,,,,,,,,,,,,,,,,,,,,,,11.0,30-39,Private aksjeselskaper mv.,Privat sektor,25000-49999,,COLLEGIUM REVISJON AS                                                    ,REVI  ,Øvre Kråkenes 17                                                         ,5152.0,BØNES                                ,NO   ,107FBE1B65742477,1743828073000,81,8,812,8121,81210,"Damsgårdsveien 165, 5160 Laksevåg",Frode Standahl,256960067.0,,,0.0,0.0,N,Forretningsmessig tjenesteyting,M,"Faglig, vitenskapelig og teknisk tjenesteyting",,,,,,,,,,,,,,,,,0,,46012004,4601,Bergen,46,Vestland
1158607,16428626,9,,924213590,813415682,Alléen 6C - Boligsameie,,,,Alléen,ALLÉEN 6C - BOLIGSAMEIE,6,C,5160,Laksevåg,,,,,,Alléen 6 C,5160,Laksevåg,,,,4601,,B,,,0.0,0.0,-33212,6733686,10,Vestlandet,Vestland,BERGEN,05,Laksevåg,46012004,Frydenbø,,,,,1576627200000,4,NO,Norway,1,Europa,,,,,,,,,,,,,,,,,,,,,,,,,,,,,,,,,,,,,,,,,,0-1,,,"0-0,9",,,,,,,,AD7834E9CF25D9EC,1743828073000,0,0,0,0,0,"Alléen 6C, 5160 Laksevåg",,256910471.0,,,0.0,0.0,,,,,,,,,,,,,,,,,,,,,0,,46012004,4601,Bergen,46,Vestland
186327,13361431,1,BEDR,974738716,974773899,"PPS Vest, Avdeling Ppt",,,,DAMSGÅRDSVEIEN,"PPS VEST, AVDELING PPT",165,,5160,Laksevåg,,,,,,Damsgårdsveien 165,5160,Laksevåg,55979980,,,4601,ppt-laksevag@bergen.kommune.no,A,,31.0,0.0,0.0,-33186,6733773,10,Vestlandet,Vestland,BERGEN,05,Laksevåg,46012004,Frydenbø,,,,,808012800000,29,NO,Norway,1,Europa,85601,Pedagogisk-psykologisk rådgivningstjeneste,,,,,,,,,,,,,,,,,,,,,,,,,,,,,,,,,,,,,,,2.0,30-39,,,"0-0,9",,,,,,,,107FBE1B4F2419BE,1743828073000,85,8,856,8560,85601,"Damsgårdsveien 165, 5160 Laksevåg",,256960067.0,,,0.0,0.0,P,Undervisning,,,,,,,,,,,,,,,,,,,0,,46012004,4601,Bergen,46,Vestland
247923,13527259,1,BEDR,979658079,915512992,Camfil Norge AS,AVD BERGEN,,,DAMSGÅRDSVEIEN,CAMFIL NORGE AS AVD BERGEN,165,,5160,Laksevåg,,,,,,Damsgårdsveien 165,5160,Laksevåg,55594470,,55594471,4601,,,,5.0,0.0,0.0,-33186,6733773,10,Vestlandet,Vestland,BERGEN,05,Laksevåg,46012004,Frydenbø,,,,,870393600000,26,NO,Norway,1,Europa,46694,"Engroshandel med maskiner og utstyr til handel, transport og tjenesteyting ellers",,,,,,,,,,,,,,,,,,,,,,,,,,,,,,,,,,,,,,,2.0,5-9,,,"0-0,9",,,,,,,,107FBE1BAF8EA7A9,1743828073000,46,4,466,4669,46694,"Damsgårdsveien 165, 5160 Laksevåg",,256960067.0,,,0.0,0.0,G,"Varehandel, reparasjon av motorvogner",,,,,,,,,,,,,,,,,,,0,,46012004,4601,Bergen,46,Vestland
257220,13552421,1,FLI,989138545,,Merkur Båtforening,,,,Damsgårdsveien,Merkur Båtforening,175,,5160,Laksevåg,Postboks,227,Laksevåg,5847,Bergen,Postboks 227 Laksevåg,5847,Bergen,55341022,95936985,,4601,merkur.baatforening@online.no,B,,,0.0,0.0,-33307,6733806,10,Vestlandet,Vestland,BERGEN,05,Laksevåg,46012006,Laksevåg sentrum,,,,,-305164800000,63,NO,Norway,1,Europa,94991,Aktiviteter i andre interesseorganisasjoner ikke nevnt annet sted,,,,,,,,,,,,,,,,,,,,,,,,,,,,,,,,,,,,,,,7.0,0-1,Ideelle organisasjoner,Privat sektor,"0-0,9",,,,,,,,7AE9D79296902C38,1743828073000,94,9,949,9499,94991,"Damsgårdsveien 175, 5160 Laksevåg",Thomas Høiseth,256970141.0,,,0.0,0.0,S,Annen tjenesteyting,,,,,,,,,,,,,,,,,,,0,,46012006,4601,Bergen,46,Vestland
279584,13612224,1,BEDR,982702488,974773899,"PPS Vest, Avdeling Pedagogisk Fagsenter Fyllingsdalen",,,,DAMSGÅRDSVEIEN,"PPS VEST, AVDELING PEDAGOGISK FAGSENTER FYLLINGSDALEN",165,,5160,Laksevåg,,,,,,Damsgårdsveien 165,5160,Laksevåg,55565320,,,4601,,,,25.0,0.0,0.0,-33186,6733773,10,Vestlandet,Vestland,BERGEN,05,Laksevåg,46012004,Frydenbø,,,,,970358400000,23,NO,Norway,1,Europa,85203,Kompetansesentra og annen spesialundervisning,,,,,,,,,,,,,,,,,,,,,,,,,,,,,,,,,,,,,,,2.0,25-29,,,"0-0,9",,,,,,,,107FBE1B647B1A40,1743828073000,85,8,852,8520,85203,"Damsgårdsveien 165, 5160 Laksevåg",,256960067.0,,,0.0,0.0,P,Undervisning,,,,,,,,,,,,,,,,,,,0,,46012004,4601,Bergen,46,Vestland
294455,13653018,1,BEDR,982705878,974773899,"PPS Vest, Avdeling Pedagogisk Fagsenter Laksevåg",,,,DAMSGÅRDSVEIEN,"PPS VEST, AVDELING PEDAGOGISK FAGSENTER LAKSEVÅG",165,,5160,Laksevåg,,,,,,Damsgårdsveien 165,5160,Laksevåg,,,,4601,,,,35.0,0.0,0.0,-33186,6733773,10,Vestlandet,Vestland,BERGEN,05,Laksevåg,46012004,Frydenbø,,,,,970358400000,24,NO,Norway,1,Europa,85203,Kompetansesentra og annen spesialundervisning,,,,,,,,,,,,,,,,,,,,,,,,,,,,,,,,,,,,,,,2.0,30-39,,,"0-0,9",,,,,,,,107FBE1B0D7B3075,1743828073000,85,8,852,8520,85203,"Damsgårdsveien 165, 5160 Laksevåg",,256960067.0,,,0.0,0.0,P,Undervisning,,,,,,,,,,,,,,,,,,,0,,46012004,4601,Bergen,46,Vestland
327775,13742281,1,FLI,976590449,,Laksevåg Kulturhistoriske Forening,,,,Damsgårdsveien,Laksevåg Kulturhistoriske Forening,174,,5160,Laksevåg,Postboks,211,,5847,Bergen,Postboks 211,5847,Bergen,55340450,55342320,,4601,,,,1.0,0.0,0.0,-33283,6733739,10,Vestlandet,Vestland,BERGEN,05,Laksevåg,46012006,Laksevåg sentrum,,,,,543542400000,36,NO,Norway,1,Europa,94991,Aktiviteter i andre interesseorganisasjoner ikke nevnt annet sted,,,,,,,,,,,,,,,,,,,,,,,,,,,,,,,,,,,,,,,5.0,0-1,Ideelle organisasjoner,Privat sektor,"0-0,9",,,,,,,,728A4A2E98488D36,1743828073000,94,9,949,9499,94991,"Damsgårdsveien 174, 5160 Laksevåg",,256960076.0,,,0.0,0.0,S,Annen tjenesteyting,,,,,,,,,,,,,,,,,,,0,,46012006,4601,Bergen,46,Vestland
337045,13769354,1,BRL,992060905,,Borettslaget Skovlybakken,,,,ALLÉEN,BORETTSLAGET SKOVLYBAKKEN,6,A,5160,Laksevåg,,,,,,Børsøra 15,7353,Børsa,+4740207790,40207790,,4601,sindre.melum@gmail.com,B,,,169.0,4.0,-33247,6733681,10,Vestlandet,Vestland,BERGEN,05,Laksevåg,46012004,Frydenbø,,,,,-416793600000,67,NO,Norway,1,Europa,68201,Borettslag,,,,,,,,,,,,,,,,,,,,,,,,,,,,,,,,,,,,,,,7.0,0-1,Borettslag o.l.,Privat sektor,"0-0,9",,FAKTA REVISJON AS                                                        ,REVI  ,Solheimsgaten 15                                                         ,5058.0,BERGEN                               ,NO   ,459A98E833EEFA65,1743828073000,68,6,682,6820,68201,"Alléen 6A, 5160 Laksevåg",,256910469.0,,,0.0,0.0,L,Omsetning og drift av fast eiendom,,,,,,,,,,,,,,,,,,,0,,46012004,4601,Bergen,46,Vestland
353412,13868565,1,ESEK,993460036,,Sameiet Alleen 4,,,,ALLÉEN,Sameiet Alleen 4,4,,5160,Laksevåg,,,,,,Håkonshellaveien 249 E,5174,Mathopen,,95059376,,4601,idjanis@online.no,A,,,0.0,0.0,-33251,6733705,10,Vestlandet,Vestland,BERGEN,05,Laksevåg,46012004,Frydenbø,,,,,1055376000000,20,NO,Norway,1,Europa,,,,,,,,,,,,,,,,,,,,,,,,,,,,,,,,,,,,,,,,,7.0,0-1,,,"0-0,9",,,,,,,,B55810B9AC5A461C,1743828073000,0,0,0,0,0,"Alléen 4, 5160 Laksevåg",,256910467.0,,,0.0,0.0,,,,,,,,,,,,,,,,,,,,,0,,46012004,4601,Bergen,46,Vestland
356446,13876530,1,ESEK,893477012,,Sameiet Alleen 14,,,,Alléen,Sameiet Alleen 14,14,,5160,Laksevåg,,,,,,Alléen 14,5160,Laksevåg,,,,4601,,,,,0.0,0.0,-33243,6733645,10,Vestlandet,Vestland,BERGEN,05,Laksevåg,46012004,Frydenbø,,,,,1209686400000,15,NO,Norway,1,Europa,,,,,,,,,,,,,,,,,,,,,,,,,,,,,,,,,,,,,,,,,7.0,0-1,,,"0-0,9",,,,,,,,C73C653D73E3AE07,1743828073000,0,0,0,0,0,"Alléen 14, 5160 Laksevåg",,256910476.0,,,0.0,0.0,,,,,,,,,,,,,,,,,,,,,0,,46012004,4601,Bergen,46,Vestland
430896,14532140,9,BEDR,972219614,922973318,Aritma AS,,,,DAMSGÅRDSVEIEN,ARITMA AS,167,,5160,Laksevåg,,,,,,Damsgårdsveien 167,5160,Laksevåg,55349150,,55349177,4601,,,,55.0,0.0,0.0,-33212,6733768,10,Vestlandet,Vestland,BERGEN,05,Laksevåg,46012004,Frydenbø,,,,,638928000000,34,NO,Norway,1,Europa,58290,Utgivelse av annen programvare,,,,,,,,,,,,,,,,,,,,,,,,,,,,,,,,,,,,,,,1.0,50-74,,,"0-0,9",,,,,,,,058E5620D89AB9D4,1743828073000,58,5,582,5829,58290,"Damsgårdsveien 167, 5160 Laksevåg",,256960071.0,,,0.0,0.0,J,Informasjon og kommunikasjon,,,,,,,,,,,,,,,,,,,0,,46012004,4601,Bergen,46,Vestland
432551,14535012,1,BEDR,972313904,958504357,Ocean Electronics AS,AVD BERGEN,,,DAMSGÅRDSVEIEN,OCEAN ELECTRONICS AS AVD BERGEN,165,,5160,Laksevåg,,,,,,Damsgårdsveien 165,5160,Laksevåg,55349070,,,4601,,B,,11.0,0.0,0.0,-33186,6733773,10,Vestlandet,Vestland,BERGEN,05,Laksevåg,46012004,Frydenbø,,,,,720576000000,31,NO,Norway,1,Europa,46520,Engroshandel med elektronikkutstyr og telekommunikasjonsutstyr samt deler,,,,,,,,,,,,,,,,,,,,,,,,,,,,,,,,,,,,,,,1.0,10-14,,,"0-0,9",,,,,,,,107FBE1BF5BBFEE8,1743828073000,46,4,465,4652,46520,"Damsgårdsveien 165, 5160 Laksevåg",,256960067.0,,,0.0,0.0,G,"Varehandel, reparasjon av motorvogner",,,,,,,,,,,,,,,,,,,0,,46012004,4601,Bergen,46,Vestland
463436,14589699,9,BEDR,976293460,932195429,Rutledal Elektro AS,,,,DAMSGÅRDSVEIEN,RUTLEDAL ELEKTRO AS,167,,5160,Laksevåg,,,,,,Damsgårdsveien 167,5160,Laksevåg,55912674,,,4601,,,www.rutledalelektro.no,14.0,0.0,0.0,-33212,6733768,10,Vestlandet,Vestland,BERGEN,05,Laksevåg,46012004,Frydenbø,,,,,809913600000,29,NO,Norway,1,Europa,43210,Elektrisk installasjonsarbeid,,,,,,,,,,,,,,,,,,,,,,,,,,,,,,,,,,,,,,,1.0,10-14,,,"0-0,9",,,,,,,,058E562049698115,1743828073000,43,4,432,4321,43210,"Damsgårdsveien 167, 5160 Laksevåg",,256960071.0,,,0.0,0.0,F,Bygge- og anleggsvirksomhet,,,,,,,,,,,,,,,,,,,0,,46012004,4601,Bergen,46,Vestland
541283,14748537,9,BEDR,989874497,889668792,Ingeborg Maria Kallay,,,,Damsgårdsveien,INGEBORG MARIA KALLAY,167,-169,5160,Laksevåg,,,,,,Damsgårdsveien 167 -169,5160,Laksevåg,55349696,41259551,55349690,4601,,B,,,0.0,0.0,-33212,6733768,11,Vestlandet,Vestland,BERGEN,05,Laksevåg,46012004,Frydenbø,,,,,1147305600000,17,NO,Norway,1,Europa,86211,Allmenn legetjeneste,,,,,,,,,,,,,,,,,,,,,,,,,,,,,,,,,,,,,,,1.0,0-1,,,"0-0,9",,,,,,,,058E5620112A3311,1743828073000,86,8,862,8621,86211,"Damsgårdsveien 167-169, 5160 Laksevåg",,256960071.0,,,0.0,0.0,Q,Helse- og sosialtjenester,,,,,,,,,,,,,,,,,,,8,Annen virksomhet,46012004,4601,Bergen,46,Vestland
552382,14783999,9,BEDR,991944958,991937099,1+1 Regnskap AS,,,,DAMSGÅRDSVEIEN,1+1 REGNSKAP AS,167,,5160,Laksevåg,Postboks,1424,Oasen,5844,Bergen,Postboks 1424 Oasen,5844,Bergen,41469242,41469242,,4601,trond@1pluss1regnskap.no,B,,6.0,0.0,0.0,-33212,6733768,10,Vestlandet,Vestland,BERGEN,05,Laksevåg,46012004,Frydenbø,,,,,1193011200000,16,NO,Norway,1,Europa,69201,Regnskap og bokføring,,,,,,,,,,,,,,,,,,,,,,,,,,,,,,,,,,,,,,,1.0,5-9,,,"0-0,9",,,,,,,,058E5620060877E9,1743828073000,69,6,692,6920,69201,"Damsgårdsveien 167, 5160 Laksevåg",,256960071.0,,,0.0,0.0,M,"Faglig, vitenskapelig og teknisk tjenesteyting",,,,,,,,,,,,,,,,,,,0,,46012004,4601,Bergen,46,Vestland
561070,14828532,9,BEDR,993537292,889724412,Ability Management AS,,,,DAMSGÅRDSVEIEN,ABILITY MANAGEMENT AS,165,,5160,Laksevåg,,,,,,Damsgårdsveien 165,5160,Laksevåg,,,,4601,post@abss.no,A,www.ability.no,31.0,0.0,0.0,-33186,6733773,10,Vestlandet,Vestland,BERGEN,05,Laksevåg,46012004,Frydenbø,,,,,1228262400000,16,NO,Norway,1,Europa,81210,Rengjøring av bygninger,70100,Hovedkontortjenester,,,,,,,,,,,,,,,,,,,,,,,,,,,,,,,,,,,,,4.0,30-39,,,"0-0,9",,,,,,,,107FBE1BB6BA8A96,1743828073000,81,8,812,8121,81210,"Damsgårdsveien 165, 5160 Laksevåg",,256960067.0,,,0.0,0.0,N,Forretningsmessig tjenesteyting,M,"Faglig, vitenskapelig og teknisk tjenesteyting",,,,,,,,,,,,,,,,,0,,46012004,4601,Bergen,46,Vestland
581772,14929521,1,AS,996338029,,Water Weights Scandinavia AS,,,,DAMSGÅRDSVEIEN,WATER WEIGHTS SCANDINAVIA AS,167,,5160,Laksevåg,,,,,,Damsgårdsveien 167,5160,Laksevåg,55940388,,,4601,,,,,11297.0,4364.0,-33212,6733768,10,Vestlandet,Vestland,BERGEN,05,Laksevåg,46012004,Frydenbø,916862474,Water Weights Holding i AS,090676335,,1292889600000,14,NO,Norway,1,Europa,71200,Teknisk prøving og analyse,,,,,,,,,,,,,,,,,,,,,,,,,,,,,,,,,,,,,,,1.0,0-1,Private aksjeselskaper mv.,Privat sektor,10000-24999,,REVISOR-PARTNER AS                                                       ,REVI  ,Damsgårdsveien 143                                                       ,5160.0,LAKSEVÅG                             ,NO   ,058E5620B9ABD14B,1743828073000,71,7,712,7120,71200,"Damsgårdsveien 167, 5160 Laksevåg",Christopher Sam Sweeting,256960071.0,,,0.0,0.0,M,"Faglig, vitenskapelig og teknisk tjenesteyting",,,,,,,,,,,,,,,,,,,0,,46012004,4601,Bergen,46,Vestland
585494,14940930,9,BEDR,896236512,996187438,All Service Team AS,,,,DAMSGÅRDSVEIEN,ALL SERVICE TEAM AS,167,,5160,Laksevåg,Postboks,1424,,5844,Bergen,Postboks 1424,5844,Bergen,,99244667,,4601,,B,,,0.0,0.0,-33212,6733768,10,Vestlandet,Vestland,BERGEN,05,Laksevåg,46012004,Frydenbø,,,,,1288569600000,13,NO,Norway,1,Europa,81210,Rengjøring av bygninger,,,,,,,,,,,,,,,,,,,,,,,,,,,,,,,,,,,,,,,1.0,0-1,,,"0-0,9",,,,,,,,058E5620CE95DE4A,1743828073000,81,8,812,8121,81210,"Damsgårdsveien 167, 5160 Laksevåg",,256960071.0,,,0.0,0.0,N,Forretningsmessig tjenesteyting,,,,,,,,,,,,,,,,,,,0,,46012004,4601,Bergen,46,Vestland
588183,14955829,9,BEDR,996355659,996338029,Water Weights Scandinavia AS,,,,Damsgårdsveien,WATER WEIGHTS SCANDINAVIA AS,167,,5160,Laksevåg,,,,,,Damsgårdsveien 167,5160,Laksevåg,55940388,,,4601,,B,,1.0,0.0,0.0,-33212,6733768,10,Vestlandet,Vestland,BERGEN,05,Laksevåg,46012004,Frydenbø,,,,,1292889600000,13,NO,Norway,1,Europa,71200,Teknisk prøving og analyse,,,,,,,,,,,,,,,,,,,,,,,,,,,,,,,,,,,,,,,1.0,0-1,,,"0-0,9",,,,,,,,058E5620DAD2A227,1743828073000,71,7,712,7120,71200,"Damsgårdsveien 167, 5160 Laksevåg",,256960071.0,,,0.0,0.0,M,"Faglig, vitenskapelig og teknisk tjenesteyting",,,,,,,,,,,,,,,,,,,0,,46012004,4601,Bergen,46,Vestland
691152,15297810,3,AS,912320723,,In Time AS,,,,DAMSGÅRDSVEIEN,IN TIME AS,167,,5160,Laksevåg,Postboks,1424,Oasen,5844,Bergen,Postboks 1424 Oasen,5844,Bergen,,,,4601,,,,,12.0,-18.0,-33212,6733768,10,Vestlandet,Vestland,BERGEN,05,Laksevåg,46012004,Frydenbø,,,,,1372032000000,11,NO,Norway,1,Europa,62010,Programmeringstjenester,,,,,,,,,,,,,,,,,,,,,,,,,,,,,,,,,,,,,,,9.0,0-1,Private aksjeselskaper mv.,Privat sektor,"0-0,9",,,,,,,,058E5620E46DBB5A,1743828073000,62,6,620,6201,62010,"Damsgårdsveien 167, 5160 Laksevåg",,256960071.0,,,0.0,0.0,J,Informasjon og kommunikasjon,,,,,,,,,,,,,,,,,,,0,,46012004,4601,Bergen,46,Vestland
700872,15329691,3,FLI,912003175,,Kone Idrettslag Bergen,,,,Damsgårdsveien,KONE IDRETTSLAG BERGEN,167,,5160,Laksevåg,,,,,,Damsgårdsveien 167,5160,Laksevåg,,41560675,,4601,,B,,,0.0,0.0,-33212,6733768,10,Vestlandet,Vestland,BERGEN,05,Laksevåg,46012004,Frydenbø,,,,,1366588800000,10,NO,Norway,1,Europa,93110,Drift av idrettsanlegg,,,,,,,,,,,,,,,,,,,,,,,,,,,,,,,,,,,,,,,9.0,0-1,Ideelle organisasjoner,Privat sektor,"0-0,9",,,,,,,,058E562016D79966,1743828073000,93,9,931,9311,93110,"Damsgårdsveien 167, 5160 Laksevåg",Trond Polden,256960071.0,,,0.0,0.0,R,"Kulturell virksomhet, underholdning og fritidsaktiviteter",,,,,,,,,,,,,,,,,,,8,Annen virksomhet,46012004,4601,Bergen,46,Vestland
701313,15331137,3,ENK,912661687,,Laquam Lene Moltumyr,,,,Alléen,LAQUAM LENE MOLTUMYR,16,,5160,Laksevåg,,,,,,Alléen 16,5160,Laksevåg,,91852814,,4601,,B,,,0.0,0.0,-33245,6733621,10,Vestlandet,Vestland,BERGEN,05,Laksevåg,46012004,Frydenbø,,,,,1383177600000,10,NO,Norway,1,Europa,75000,Veterinærtjenester,,,,,,,,,,,,,,,,,,,,,,,,,,,,,,,,,,,,,,,9.0,0-1,Personlig næringsdrivende,Privat sektor,"0-0,9",,,,,,,,99D638D9C97B2CE1,1743828073000,75,7,750,7500,75000,"Alléen 16, 5160 Laksevåg",Lene Moltumyr,256910478.0,,,0.0,0.0,M,"Faglig, vitenskapelig og teknisk tjenesteyting",,,,,,,,,,,,,,,,,,,0,,46012004,4601,Bergen,46,Vestland
727326,15408125,1,ESEK,813415682,,Alléen 6C - Boligsameie,,,,Alléen,ALLÉEN 6C - BOLIGSAMEIE,6,C,5160,Laksevåg,,,,,,Alléen 6 C,5160,Laksevåg,,,,4601,sameietalleen6c@gmail.com,A,,,0.0,0.0,-33212,6733686,10,Vestlandet,Vestland,BERGEN,05,Laksevåg,46012004,Frydenbø,,,,,1384387200000,10,NO,Norway,1,Europa,,,,,,,,,,,,,,,,,,,,,,,,,,,,,,,,,,,,,,,,,7.0,0-1,,,"0-0,9",,,,,,,,AD7834E9C3592616,1743828073000,0,0,0,0,0,"Alléen 6C, 5160 Laksevåg",,256910471.0,,,0.0,0.0,,,,,,,,,,,,,,,,,,,,,0,,46012004,4601,Bergen,46,Vestland
741762,15452031,3,ENK,913948343,,Pink Zebra Film R.S.Dyson,,,,ALLÉEN,PINK ZEBRA FILM R.S.DYSON,13,,5160,Laksevåg,,,,,,Alléen 13,5160,Laksevåg,,40571610,,4601,ruth@pinkzebra.no,B,,,0.0,0.0,-33267,6733642,10,Vestlandet,Vestland,BERGEN,05,Laksevåg,46012004,Frydenbø,,,,,1406678400000,9,NO,Norway,1,Europa,59110,"Produksjon av film, video og fjernsynsprogrammer",,,,,,,,,,,,,,,,,,,,,,,,,,,,,,,,,,,,,,,1.0,0-1,Personlig næringsdrivende,Privat sektor,"0-0,9",,,,,,,,5C79632BF8D15E0D,1743828073000,59,5,591,5911,59110,"Alléen 13, 5160 Laksevåg",Ruth Sarah Dyson,256910475.0,,,0.0,0.0,J,Informasjon og kommunikasjon,,,,,,,,,,,,,,,,,,,0,,46012004,4601,Bergen,46,Vestland
789192,15591142,1,DA,915447503,,Laksevåg Legesenter DA,,,,DAMSGÅRDSVEIEN,LAKSEVÅG LEGESENTER DA,167,-169,5160,Laksevåg,,,,,,Damsgårdsveien 167 -169,5160,Laksevåg,,,,4601,,,,1.0,3385.0,0.0,-33212,6733768,11,Vestlandet,Vestland,BERGEN,05,Laksevåg,46012004,Frydenbø,,,,,1430870400000,9,NO,Norway,1,Europa,86211,Allmenn legetjeneste,,,,,,,,,,,,,,,,,,,,,,,,,,,,,,,,,,,,,,,1.0,0-1,Personlige foretak,Privat sektor,1000-4999,,,,,,,,058E5620433CD321,1743828073000,86,8,862,8621,86211,"Damsgårdsveien 167-169, 5160 Laksevåg",Marit Rekve,256960071.0,,,0.0,0.0,Q,Helse- og sosialtjenester,,,,,,,,,,,,,,,,,,,8,Annen virksomhet,46012004,4601,Bergen,46,Vestland
789286,15591375,3,ENK,915470718,,Mats Daniel Skrede,,,,Damsgårdsveien,MATS DANIEL SKREDE,170,,5160,Laksevåg,,,,,,Damsgårdsveien 170,5160,Laksevåg,,91601687,,4601,mats.d.skrede@gmail.com,B,,,0.0,0.0,-33227,6733708,10,Vestlandet,Vestland,BERGEN,05,Laksevåg,46012004,Frydenbø,,,,,1433203200000,8,NO,Norway,1,Europa,47990,Detaljhandel utenom utsalgssted ellers,,,,,,,,,,,,,,,,,,,,,,,,,,,,,,,,,,,,,,,9.0,0-1,Personlig næringsdrivende,Privat sektor,"0-0,9",,,,,,,,565A57A0B30597F1,1743828073000,47,4,479,4799,47990,"Damsgårdsveien 170, 5160 Laksevåg",Mats Daniel Skrede,256960074.0,,,0.0,0.0,G,"Varehandel, reparasjon av motorvogner",,,,,,,,,,,,,,,,,,,7,Annen detaljhandel,46012004,4601,Bergen,46,Vestland
790053,15593416,9,BEDR,915498965,915447503,Laksevåg Legesenter DA,,,,DAMSGÅRDSVEIEN,LAKSEVÅG LEGESENTER DA,167,-169,5160,Laksevåg,,,,,,Damsgårdsveien 167 -169,5160,Laksevåg,55346810,,,4601,,,,1.0,0.0,0.0,-33212,6733768,11,Vestlandet,Vestland,BERGEN,05,Laksevåg,46012004,Frydenbø,,,,,1433116800000,9,NO,Norway,1,Europa,86211,Allmenn legetjeneste,,,,,,,,,,,,,,,,,,,,,,,,,,,,,,,,,,,,,,,1.0,0-1,,,"0-0,9",,,,,,,,058E5620634E4827,1743828073000,86,8,862,8621,86211,"Damsgårdsveien 167-169, 5160 Laksevåg",,256960071.0,,,0.0,0.0,Q,Helse- og sosialtjenester,,,,,,,,,,,,,,,,,,,8,Annen virksomhet,46012004,4601,Bergen,46,Vestland
795270,15607788,1,ENK,915648916,,Byggmester Rune Lerøen,,,,Alléen,BYGGMESTER RUNE LERØEN,15,,5160,Laksevåg,,,,,,Alléen 15,5160,Laksevåg,91567698,91567698,,4601,leroeen@gmail.com,B,,,0.0,0.0,-33262,6733621,10,Vestlandet,Vestland,BERGEN,05,Laksevåg,46012004,Frydenbø,,,,,1436486400000,8,NO,Norway,1,Europa,41200,Oppføring av bygninger,,,,,,,,,,,,,,,,,,,,,,,,,,,,,,,,,,,,,,,1.0,0-1,Personlig næringsdrivende,Privat sektor,"0-0,9",,,,,,,,42602DB3E830C7E9,1743828073000,41,4,412,4120,41200,"Alléen 15, 5160 Laksevåg",Rune Lerøen,256910477.0,,,0.0,0.0,F,Bygge- og anleggsvirksomhet,,,,,,,,,,,,,,,,,,,8,Annen virksomhet,46012004,4601,Bergen,46,Vestland
796896,15612541,9,BEDR,915702031,915648916,Byggmester Rune Lerøen,,,,Alléen,BYGGMESTER RUNE LERØEN,15,,5160,Laksevåg,,,,,,Alléen 15,5160,Laksevåg,,91567698,,4601,leroeen@gmail.com,B,,,0.0,0.0,-33262,6733621,10,Vestlandet,Vestland,BERGEN,05,Laksevåg,46012004,Frydenbø,,,,,1437609600000,8,NO,Norway,1,Europa,41200,Oppføring av bygninger,,,,,,,,,,,,,,,,,,,,,,,,,,,,,,,,,,,,,,,1.0,0-1,,,"0-0,9",,,,,,,,42602DB3496D351B,1743828073000,41,4,412,4120,41200,"Alléen 15, 5160 Laksevåg",,256910477.0,,,0.0,0.0,F,Bygge- og anleggsvirksomhet,,,,,,,,,,,,,,,,,,,8,Annen virksomhet,46012004,4601,Bergen,46,Vestland
800562,15624265,1,BEDR,915829546,939765360,Etman Distribusjon AS,AVD BERGEN,,,DAMSGÅRDSVEIEN,ETMAN DISTRIBUSJON AS AVD BERGEN,167,,5160,Laksevåg,,,,,,Damsgårdsveien 167,5160,Laksevåg,,,,4601,,,,6.0,0.0,0.0,-33212,6733768,10,Vestlandet,Vestland,BERGEN,05,Laksevåg,46012004,Frydenbø,,,,,1399248000000,10,NO,Norway,1,Europa,46473,Engroshandel med belysningsutstyr,,,,,,,,,,,,,,,,,,,,,,,,,,,,,,,,,,,,,,,2.0,5-9,,,"0-0,9",,,,,,,,058E5620A21EF6E1,1743828073000,46,4,464,4647,46473,"Damsgårdsveien 167, 5160 Laksevåg",,256960071.0,,,0.0,0.0,G,"Varehandel, reparasjon av motorvogner",,,,,,,,,,,,,,,,,,,0,,46012004,4601,Bergen,46,Vestland
816692,15672576,3,ENK,916357001,,Daiyen Jone Castro,,,,Alléen,DAIYEN JONE CASTRO,15,,5160,Laksevåg,,,,,,Alléen 15,5160,Laksevåg,,45190424,,4601,dmusikjone@gmail.com,B,,,0.0,0.0,-33262,6733621,10,Vestlandet,Vestland,BERGEN,05,Laksevåg,46012004,Frydenbø,,,,,1449532800000,8,NO,Norway,1,Europa,90011,Utøvende kunstnere og underholdningsvirksomhet innen musikk,,,,,,,,,,,,,,,,,,,,,,,,,,,,,,,,,,,,,,,9.0,0-1,Personlig næringsdrivende,Privat sektor,"0-0,9",,,,,,,,42602DB32ADF3ADB,1743828073000,90,9,900,9001,90011,"Alléen 15, 5160 Laksevåg",Daiyen Jone Castro,256910477.0,,,0.0,0.0,R,"Kulturell virksomhet, underholdning og fritidsaktiviteter",,,,,,,,,,,,,,,,,,,0,,46012004,4601,Bergen,46,Vestland
829320,15705585,1,FLI,916598408,,BSI - Seiling,,,,Damsgårdsveien,BSI - SEILING,175,,5160,Laksevåg,,,,,,Parkveien 1,5007,Bergen,,,,4601,seiling@bsi.no,B,www.bsiseiling.no,,0.0,0.0,-33307,6733806,10,Vestlandet,Vestland,BERGEN,05,Laksevåg,46012006,Laksevåg sentrum,,,,,875318400000,26,NO,Norway,1,Europa,94991,Aktiviteter i andre interesseorganisasjoner ikke nevnt annet sted,,,,,,,,,,,,,,,,,,,,,,,,,,,,,,,,,,,,,,,7.0,0-1,Ideelle organisasjoner,Privat sektor,"0-0,9",,,,,,,,7AE9D79265841E64,1743828073000,94,9,949,9499,94991,"Damsgårdsveien 175, 5160 Laksevåg",,256970141.0,,,0.0,0.0,S,Annen tjenesteyting,,,,,,,,,,,,,,,,,,,0,,46012006,4601,Bergen,46,Vestland
834467,15719818,1,AS,916862474,,Water Weights Holding i AS,,,,DAMSGÅRDSVEIEN,WATER WEIGHTS HOLDING I AS,167,,5160,Laksevåg,,,,,,Damsgårdsveien 167,5160,Laksevåg,,,,4601,,,,,0.0,0.0,-33212,6733768,10,Vestlandet,Vestland,BERGEN,05,Laksevåg,46012004,Frydenbø,,,,,1452729600000,9,NO,Norway,1,Europa,71200,Teknisk prøving og analyse,70100,Hovedkontortjenester,,,,,,,,,,,,,,,,,,,,,,,,,,,,,,,,,,,,,11.0,0-1,Private aksjeselskaper mv.,Privat sektor,"0-0,9",,REVISOR-PARTNER AS                                                       ,REVI  ,Damsgårdsveien 143                                                       ,5160.0,LAKSEVÅG                             ,NO   ,058E562061A8AA6F,1743828073000,71,7,712,7120,71200,"Damsgårdsveien 167, 5160 Laksevåg",,256960071.0,,,0.0,0.0,M,"Faglig, vitenskapelig og teknisk tjenesteyting",M,"Faglig, vitenskapelig og teknisk tjenesteyting",,,,,,,,,,,,,,,,,0,,46012004,4601,Bergen,46,Vestland
904289,15904743,1,AS,918921400,,Bergen Taktekker & Blikkenslagerservice AS,,,,DAMSGÅRDSVEIEN,BERGEN TAKTEKKER & BLIKKENSLAGERSERVICE AS,172,,5160,Laksevåg,Postboks,94,,5848,Bergen,Postboks 94,5848,Bergen,,95000007,,4601,,,,14.0,19116.0,-854.0,-33244,6733734,10,Vestlandet,Vestland,BERGEN,05,Laksevåg,46012004,Frydenbø,913235541,Rune Amundsen Invest AS,290474333,,1491177600000,7,NO,Norway,1,Europa,43911,Blikkenslagerarbeid,,,,,,,,,,,,,,,,,,,,,,,,,,,,,,,,,,,,,,,1.0,10-14,Private aksjeselskaper mv.,Privat sektor,10000-24999,,STATSAUTORISERT REVISOR TOM OVE OLSEN AS                                 ,REVI  ,Nyhavn 17                                                                ,5042.0,BERGEN                               ,NO   ,C7152CA16885E311,1743828073000,43,4,439,4391,43911,"Damsgårdsveien 172, 5160 Laksevåg",,256960075.0,,,0.0,0.0,F,Bygge- og anleggsvirksomhet,,,,,,,,,,,,,,,,,,,0,,46012004,4601,Bergen,46,Vestland
906668,15911063,9,BEDR,918991328,918921400,Bergen Taktekker & Blikkenslagerservice AS,,,,DAMSGÅRDSVEIEN,BERGEN TAKTEKKER & BLIKKENSLAGERSERVICE AS,172,,5160,Laksevåg,Postboks,94,,5848,Bergen,Postboks 94,5848,Bergen,,,,4601,,,,14.0,0.0,0.0,-33244,6733734,10,Vestlandet,Vestland,BERGEN,05,Laksevåg,46012004,Frydenbø,,,,,1491177600000,7,NO,Norway,1,Europa,43911,Blikkenslagerarbeid,,,,,,,,,,,,,,,,,,,,,,,,,,,,,,,,,,,,,,,1.0,10-14,,,"0-0,9",,,,,,,,C7152CA188C4E3C4,1743828073000,43,4,439,4391,43911,"Damsgårdsveien 172, 5160 Laksevåg",,256960075.0,,,0.0,0.0,F,Bygge- og anleggsvirksomhet,,,,,,,,,,,,,,,,,,,0,,46012004,4601,Bergen,46,Vestland
940973,15995575,1,FLI,919753285,,Speedy Divas Bb Mc Club,,,,DAMSGÅRDSVEIEN,SPEEDY DIVAS BB MC CLUB,170,,5160,Laksevåg,,,,,,Damsgårdsveien 170,5160,Laksevåg,,,,4601,,B,,,0.0,0.0,-33227,6733708,10,Vestlandet,Vestland,BERGEN,05,Laksevåg,46012004,Frydenbø,,,,,955238400000,23,NO,Norway,1,Europa,94991,Aktiviteter i andre interesseorganisasjoner ikke nevnt annet sted,,,,,,,,,,,,,,,,,,,,,,,,,,,,,,,,,,,,,,,7.0,0-1,Ideelle organisasjoner,Privat sektor,"0-0,9",,,,,,,,565A57A0E551F1A9,1743828073000,94,9,949,9499,94991,"Damsgårdsveien 170, 5160 Laksevåg",,256960074.0,,,0.0,0.0,S,Annen tjenesteyting,,,,,,,,,,,,,,,,,,,0,,46012004,4601,Bergen,46,Vestland
962270,16042865,1,,820196562,976590449,Laksevåg Kulturhistoriske Forening,,,,Damsgårdsveien,LAKSEVÅG KULTURHISTORISKE FORENING,174,,5160,Laksevåg,Postboks,211,,5847,Bergen,Postboks 211,5847,Bergen,,,,4601,,B,,1.0,0.0,0.0,-33283,6733739,10,Vestlandet,Vestland,BERGEN,05,Laksevåg,46012006,Laksevåg sentrum,,,,,1515110400000,6,NO,Norway,1,Europa,94991,Aktiviteter i andre interesseorganisasjoner ikke nevnt annet sted,,,,,,,,,,,,,,,,,,,,,,,,,,,,,,,,,,,,,,,5.0,0-1,,,"0-0,9",,,,,,,,728A4A2E4F5AE9B3,1743828073000,94,9,949,9499,94991,"Damsgårdsveien 174, 5160 Laksevåg",,256960076.0,,,0.0,0.0,S,Annen tjenesteyting,,,,,,,,,,,,,,,,,,,0,,46012006,4601,Bergen,46,Vestland
965368,16049365,1,AS,920491936,,Beyond Shipping AS,,,,DAMSGÅRDSVEIEN,BEYOND SHIPPING AS,165,,5160,Laksevåg,,,,,,Damsgårdsveien 165,5160,Laksevåg,,,,4601,,,,,17736.0,1136.0,-33186,6733773,10,Vestlandet,Vestland,BERGEN,05,Laksevåg,46012004,Frydenbø,,,,,1517443200000,6,NO,Norway,1,Europa,52291,Spedisjon,,,,,,,,,,,,,,,,,,,,,,,,,,,,,,,,,,,,,,,1.0,0-1,Private aksjeselskaper mv.,Privat sektor,10000-24999,,FORVIS MAZARS AS                                                         ,REVI  ,Fridtjof Nansens vei 19                                                  ,369.0,OSLO                                 ,NO   ,107FBE1B0FE2371E,1743828073000,52,5,522,5229,52291,"Damsgårdsveien 165, 5160 Laksevåg",Carl Einar Longva,256960067.0,,,0.0,0.0,H,Transport og lagring,,,,,,,,,,,,,,,,,,,0,,46012004,4601,Bergen,46,Vestland
976484,16071521,9,BEDR,920527280,920491936,Beyond Shipping AS,,,,DAMSGÅRDSVEIEN,BEYOND SHIPPING AS,165,,5160,Laksevåg,,,,,,Damsgårdsveien 165,5160,Laksevåg,,,,4601,,,,,0.0,0.0,-33186,6733773,10,Vestlandet,Vestland,BERGEN,05,Laksevåg,46012004,Frydenbø,,,,,1518048000000,6,NO,Norway,1,Europa,52291,Spedisjon,,,,,,,,,,,,,,,,,,,,,,,,,,,,,,,,,,,,,,,1.0,0-1,,,"0-0,9",,,,,,,,107FBE1BC85CFD31,1743828073000,52,5,522,5229,52291,"Damsgårdsveien 165, 5160 Laksevåg",,256960067.0,,,0.0,0.0,H,Transport og lagring,,,,,,,,,,,,,,,,,,,0,,46012004,4601,Bergen,46,Vestland
1024211,16185136,1,AS,921703732,,Lyst & Fryd AS,,,,DAMSGÅRDSVEIEN,LYST & FRYD AS,174,,5160,Laksevåg,,,,,,Øvre Stadionveien 14,5161,Laksevåg,,,,4601,,,,10.0,2376.0,51.0,-33283,6733739,10,Vestlandet,Vestland,BERGEN,05,Laksevåg,46012006,Laksevåg sentrum,,,,,1539734400000,6,NO,Norway,1,Europa,56101,Drift av restauranter og kafeer,,,,,,,,,,,,,,,,,,,,,,,,,,,,,,,,,,,,,,,1.0,10-14,Private aksjeselskaper mv.,Privat sektor,1000-4999,,,,,,,,728A4A2E516C7AFC,1743828073000,56,5,561,5610,56101,"Damsgårdsveien 174, 5160 Laksevåg",Dag Stian Knudsen,256960076.0,,,0.0,0.0,I,Overnattings- og serveringsvirksomhet,,,,,,,,,,,,,,,,,,,6,Servering,46012006,4601,Bergen,46,Vestland
1025041,16187177,9,BEDR,921722850,921703732,Lyst & Fryd AS,,,,DAMSGÅRDSVEIEN,LYST & FRYD AS,174,,5160,Laksevåg,,,,,,Øvre Stadionveien 14,5161,Laksevåg,,,,4601,,,,10.0,0.0,0.0,-33283,6733739,10,Vestlandet,Vestland,BERGEN,05,Laksevåg,46012006,Laksevåg sentrum,,,,,1542153600000,6,NO,Norway,1,Europa,56101,Drift av restauranter og kafeer,,,,,,,,,,,,,,,,,,,,,,,,,,,,,,,,,,,,,,,1.0,10-14,,,"0-0,9",,,,,,,,728A4A2EE9D042EE,1743828073000,56,5,561,5610,56101,"Damsgårdsveien 174, 5160 Laksevåg",,256960076.0,,,0.0,0.0,I,Overnattings- og serveringsvirksomhet,,,,,,,,,,,,,,,,,,,6,Servering,46012006,4601,Bergen,46,Vestland
1025961,16189570,3,ENK,921746903,         ,Sondre Fagernes Thuen,,,,ALLÉEN,SONDRE FAGERNES THUEN,2,,5160,Laksevåg,,,,,,Alléen 2,5160,Laksevåg,,41787578,,4601,,B,,,0.0,0.0,-33248,6733720,10,Vestlandet,Vestland,BERGEN,05,Laksevåg,46012004,Frydenbø,,,,,1542585600000,5,NO,Norway,1,Europa,90011,Utøvende kunstnere og underholdningsvirksomhet innen musikk,,,,,,,,,,,,,,,,,,,,,,,,,,,,,,,,,,,,,,,1.0,0-1,Personlig næringsdrivende,Privat sektor,"0-0,9",,,,,,,,F07F53EAB53F4A82,1743828073000,90,9,900,9001,90011,"Alléen 2, 5160 Laksevåg",Sondre Fagernes Thuen,256910466.0,,,0.0,0.0,R,"Kulturell virksomhet, underholdning og fritidsaktiviteter",,,,,,,,,,,,,,,,,,,0,,46012004,4601,Bergen,46,Vestland
1038029,16215593,9,BEDR,922009910,989506471,Magmat AS,,,,Alléen,MAGMAT AS,16,,5160,Laksevåg,,,,,,Alléen 16,5160,Laksevåg,,,,4601,,B,,,0.0,0.0,-33245,6733621,10,Vestlandet,Vestland,BERGEN,05,Laksevåg,46012004,Frydenbø,,,,,1535760000000,5,NO,Norway,1,Europa,64308,Familieeide egeninvesteringsselskaper,,,,,,,,,,,,,,,,,,,,,,,,,,,,,,,,,,,,,,,1.0,0-1,,,"0-0,9",,,,,,,,99D638D97944870A,1743828073000,64,6,643,6430,64308,"Alléen 16, 5160 Laksevåg",,256910478.0,,,0.0,0.0,K,Finansierings- og forsikringsvirksomhet,,,,,,,,,,,,,,,,,,,0,,46012004,4601,Bergen,46,Vestland
1088228,16306691,1,AS,922973318,,Aritma AS,,,,DAMSGÅRDSVEIEN,ARITMA AS,167,,5160,Laksevåg,,,,,,Damsgårdsveien 167,5160,Laksevåg,41626523,40083456,,4601,,,,55.0,39329.0,-4015.0,-33212,6733768,10,Vestlandet,Vestland,BERGEN,05,Laksevåg,46012004,Frydenbø,922973334,Zdata Holding AS,922973334,Zdata Holding AS,1559865600000,5,NO,Norway,1,Europa,58290,Utgivelse av annen programvare,,,,,,,,,,,,,,,,,,,,,,,,,,,,,,,,,,,,,,,,50-74,Private aksjeselskaper mv.,Privat sektor,25000-49999,,HAMMERSLAND REVISJON AS                                                  ,REVI  ,Kanalveien 11                                                            ,5068.0,BERGEN                               ,NO   ,058E562079B043EF,1743828073000,58,5,582,5829,58290,"Damsgårdsveien 167, 5160 Laksevåg",Thor Kristian Ravnanger Seth,256960071.0,,,0.0,0.0,J,Informasjon og kommunikasjon,,,,,,,,,,,,,,,,,,,0,,46012004,4601,Bergen,46,Vestland
1088589,16307364,3,AS,922973334,,Zdata Holding AS,,,,DAMSGÅRDSVEIEN,ZDATA HOLDING AS,167,,5160,Laksevåg,,,,,,Damsgårdsveien 167,5160,Laksevåg,,,,4601,,B,,,136.0,-80.0,-33212,6733768,10,Vestlandet,Vestland,BERGEN,05,Laksevåg,46012004,Frydenbø,,,,,1559865600000,5,NO,Norway,1,Europa,68209,Utleie av egen eller leid fast eiendom ellers,,,,,,,,,,,,,,,,,,,,,,,,,,,,,,,,,,,,,,,,0-1,Private aksjeselskaper mv.,Privat sektor,"0-0,9",,HAMMERSLAND REVISJON AS                                                  ,REVI  ,Kanalveien 11                                                            ,5068.0,BERGEN                               ,NO   ,058E56201A3F9CE0,1743828073000,68,6,682,6820,68209,"Damsgårdsveien 167, 5160 Laksevåg",,256960071.0,,,0.0,0.0,L,Omsetning og drift av fast eiendom,,,,,,,,,,,,,,,,,,,0,,46012004,4601,Bergen,46,Vestland
1136824,16397400,9,BEDR,923899847,915470718,Mats Daniel Skrede,,,,Damsgårdsveien,MATS DANIEL SKREDE,170,,5160,Laksevåg,,,,,,Damsgårdsveien 170,5160,Laksevåg,,,,4601,,B,,,0.0,0.0,-33227,6733708,10,Vestlandet,Vestland,BERGEN,05,Laksevåg,46012004,Frydenbø,,,,,1514764800000,6,NO,Norway,1,Europa,47990,Detaljhandel utenom utsalgssted ellers,,,,,,,,,,,,,,,,,,,,,,,,,,,,,,,,,,,,,,,1.0,0-1,,,"0-0,9",,,,,,,,565A57A07F85EEBD,1743828073000,47,4,479,4799,47990,"Damsgårdsveien 170, 5160 Laksevåg",,256960074.0,,,0.0,0.0,G,"Varehandel, reparasjon av motorvogner",,,,,,,,,,,,,,,,,,,7,Annen detaljhandel,46012004,4601,Bergen,46,Vestland
1142855,16408459,1,ESEK,924020326,         ,Alléen 13B,,,,Alléen,ALLÉEN 13B,13,B,5160,Laksevåg,,,,,,Alléen 13 B,5160,Laksevåg,,,,4601,,B,,,0.0,0.0,-33291,6733641,10,Vestlandet,Vestland,BERGEN,05,Laksevåg,46012004,Frydenbø,,,,,1166400000000,17,NO,Norway,1,Europa,,,,,,,,,,,,,,,,,,,,,,,,,,,,,,,,,,,,,,,,,,0-1,,,"0-0,9",,,,,,,,F848AACBB5C0B1F3,1743828073000,0,0,0,0,0,"Alléen 13B, 5160 Laksevåg",,256974875.0,,,0.0,0.0,,,,,,,,,,,,,,,,,,,,,0,,46012004,4601,Bergen,46,Vestland
1154863,16423592,9,,924166282,987361301,Sameiet Alléen 13,,,,Alléen,SAMEIET ALLÉEN 13,13,,5160,Laksevåg,,,,,,Alléen 13,5160,Laksevåg,,,,4601,,B,,,0.0,0.0,-33267,6733642,10,Vestlandet,Vestland,BERGEN,05,Laksevåg,46012004,Frydenbø,,,,,1576195200000,4,NO,Norway,1,Europa,,,,,,,,,,,,,,,,,,,,,,,,,,,,,,,,,,,,,,,,,,0-1,,,"0-0,9",,,,,,,,5C79632BDCAE681D,1743828073000,0,0,0,0,0,"Alléen 13, 5160 Laksevåg",,256910475.0,,,0.0,0.0,,,,,,,,,,,,,,,,,,,,,0,,46012004,4601,Bergen,46,Vestland
1158697,16428717,1,,924214651,893477012,Sameiet Alleen 14,,,,Alléen,SAMEIET ALLEEN 14,14,,5160,Laksevåg,,,,,,Alléen 14,5160,Laksevåg,,,,4601,,B,,,0.0,0.0,-33243,6733645,10,Vestlandet,Vestland,BERGEN,05,Laksevåg,46012004,Frydenbø,,,,,1576627200000,4,NO,Norway,1,Europa,,,,,,,,,,,,,,,,,,,,,,,,,,,,,,,,,,,,,,,,,5.0,0-1,,,"0-0,9",,,,,,,,C73C653DFBD24C17,1743828073000,0,0,0,0,0,"Alléen 14, 5160 Laksevåg",,256910476.0,,,0.0,0.0,,,,,,,,,,,,,,,,,,,,,0,,46012004,4601,Bergen,46,Vestland
1160119,16430159,9,,924230800,992060905,Borettslaget Skovlybakken,,,,Alléen,BORETTSLAGET SKOVLYBAKKEN,6,A,5160,Laksevåg,,,,,,Børsøra 15,7353,Børsa,+4740207790,,,4601,sindre.melum@gmail.com,B,,,0.0,0.0,-33247,6733681,10,Vestlandet,Vestland,BERGEN,05,Laksevåg,46012004,Frydenbø,,,,,1576627200000,4,NO,Norway,1,Europa,68201,Borettslag,,,,,,,,,,,,,,,,,,,,,,,,,,,,,,,,,,,,,,,,0-1,,,"0-0,9",,,,,,,,459A98E84788E389,1743828073000,68,6,682,6820,68201,"Alléen 6A, 5160 Laksevåg",,256910469.0,,,0.0,0.0,L,Omsetning og drift av fast eiendom,,,,,,,,,,,,,,,,,,,0,,46012004,4601,Bergen,46,Vestland
1160762,16430809,1,,924238119,993460036,Sameiet Alleen 4,,,,ALLÉEN,SAMEIET ALLEEN 4,4,,5160,Laksevåg,,,,,,Håkonshellaveien 249 E,5174,Mathopen,,,,4601,,B,,,0.0,0.0,-33251,6733705,10,Vestlandet,Vestland,BERGEN,05,Laksevåg,46012004,Frydenbø,,,,,1576627200000,4,NO,Norway,1,Europa,,,,,,,,,,,,,,,,,,,,,,,,,,,,,,,,,,,,,,,,,5.0,0-1,,,"0-0,9",,,,,,,,B55810B957E113C3,1743828073000,0,0,0,0,0,"Alléen 4, 5160 Laksevåg",,256910467.0,,,0.0,0.0,,,,,,,,,,,,,,,,,,,,,0,,46012004,4601,Bergen,46,Vestland
1192639,16486598,1,ENK,924803010,         ,Lege Ane Øien,,,,DAMSGÅRDSVEIEN,LEGE ANE ØIEN,167,,5160,Laksevåg,,,,,,Damsgårdsveien 167,5160,Laksevåg,95480033,95480033,,4601,anetoien@gmail.com,B,,,0.0,0.0,-33212,6733768,10,Vestlandet,Vestland,BERGEN,05,Laksevåg,46012004,Frydenbø,,,,,1584662400000,3,NO,Norway,1,Europa,86211,Allmenn legetjeneste,,,,,,,,,,,,,,,,,,,,,,,,,,,,,,,,,,,,,,,,0-1,Personlig næringsdrivende,Privat sektor,"0-0,9",,,,,,,,058E56202ACAA30B,1743828073000,86,8,862,8621,86211,"Damsgårdsveien 167, 5160 Laksevåg",Ane Øien,256960071.0,,,0.0,0.0,Q,Helse- og sosialtjenester,,,,,,,,,,,,,,,,,,,8,Annen virksomhet,46012004,4601,Bergen,46,Vestland
1243242,16581463,1,ESEK,925785733,         ,Sameiet Alléen 4A,,,,ALLÉEN,SAMEIET ALLÉEN 4A,4,A,5160,Laksevåg,,,,,,Alléen 4 A,5160,Laksevåg,,,,4601,,B,,,0.0,0.0,-33202,6733682,10,Vestlandet,Vestland,BERGEN,05,Laksevåg,46012004,Frydenbø,,,,,1282003200000,13,NO,Norway,1,Europa,97000,Lønnet arbeid i private husholdninger,,,,,,,,,,,,,,,,,,,,,,,,,,,,,,,,,,,,,,,,0-1,,,"0-0,9",,,,,,,,BDB2F3FA0EF42325,1743828073000,97,9,970,9700,97000,"Alléen 4A, 5160 Laksevåg",,256910468.0,,,0.0,0.0,T,Lønnet arbeid i private husholdninger,,,,,,,,,,,,,,,,,,,0,,46012004,4601,Bergen,46,Vestland
1243351,16581648,9,,925788333,925785733,Sameiet Alléen 4A,,,,ALLÉEN,SAMEIET ALLÉEN 4A,4,A,5160,Laksevåg,,,,,,Alléen 4 A,5160,Laksevåg,,,,4601,,B,,,0.0,0.0,-33202,6733682,10,Vestlandet,Vestland,BERGEN,05,Laksevåg,46012004,Frydenbø,,,,,1601337600000,3,NO,Norway,1,Europa,97000,Lønnet arbeid i private husholdninger,,,,,,,,,,,,,,,,,,,,,,,,,,,,,,,,,,,,,,,,0-1,,,"0-0,9",,,,,,,,BDB2F3FAEB1EAFDD,1743828073000,97,9,970,9700,97000,"Alléen 4A, 5160 Laksevåg",,256910468.0,,,0.0,0.0,T,Lønnet arbeid i private husholdninger,,,,,,,,,,,,,,,,,,,0,,46012004,4601,Bergen,46,Vestland
1250402,16594046,1,AS,925923958,,Bewizor AS,,,,DAMSGÅRDSVEIEN,BEWIZOR AS,165,,5160,Laksevåg,,,,,,Damsgårdsveien 165,5160,Laksevåg,,,,4601,,B,,7.0,0.0,0.0,-33186,6733773,10,Vestlandet,Vestland,BERGEN,05,Laksevåg,46012004,Frydenbø,925836400,Innovasjonspartner AS,220874497,,1603670400000,3,NO,Norway,1,Europa,62020,Konsulentvirksomhet tilknyttet informasjonsteknologi,,,,,,,,,,,,,,,,,,,,,,,,,,,,,,,,,,,,,,,,5-9,Private aksjeselskaper mv.,Privat sektor,"0-0,9",,,,,,,,107FBE1B5D2FA2C6,1743828073000,62,6,620,6202,62020,"Damsgårdsveien 165, 5160 Laksevåg",Frode Standahl,256960067.0,,,0.0,0.0,J,Informasjon og kommunikasjon,,,,,,,,,,,,,,,,,,,0,,46012004,4601,Bergen,46,Vestland
1252305,16597334,9,BEDR,925957488,925923958,Bewizor AS,,,,DAMSGÅRDSVEIEN,BEWIZOR AS,165,,5160,Laksevåg,,,,,,Damsgårdsveien 165,5160,Laksevåg,,,,4601,,B,,7.0,0.0,0.0,-33186,6733773,10,Vestlandet,Vestland,BERGEN,05,Laksevåg,46012004,Frydenbø,,,,,1603670400000,3,NO,Norway,1,Europa,62020,Konsulentvirksomhet tilknyttet informasjonsteknologi,,,,,,,,,,,,,,,,,,,,,,,,,,,,,,,,,,,,,,,,5-9,,,"0-0,9",,,,,,,,107FBE1B166416DA,1743828073000,62,6,620,6202,62020,"Damsgårdsveien 165, 5160 Laksevåg",,256960067.0,,,0.0,0.0,J,Informasjon og kommunikasjon,,,,,,,,,,,,,,,,,,,0,,46012004,4601,Bergen,46,Vestland
1289368,16663268,1,ENK,926639129,,Sulen Snaks,,,,ALLÉEN,SULEN SNAKS,6,A,5160,Laksevåg,,,,,,Alléen 6 A,5160,Laksevåg,,,,4601,,,,,0.0,0.0,-33247,6733681,10,Vestlandet,Vestland,BERGEN,05,Laksevåg,46012004,Frydenbø,,,,,1613692800000,4,NO,Norway,1,Europa,10890,Produksjon av næringsmidler ikke nevnt annet sted,,,,,,,,,,,,,,,,,,,,,,,,,,,,,,,,,,,,,,,,0-1,Personlig næringsdrivende,Privat sektor,"0-0,9",,,,,,,,459A98E8FC06EDC9,1743828073000,10,1,108,1089,10890,"Alléen 6A, 5160 Laksevåg",Terje Sulen,256910469.0,,,0.0,0.0,C,Industri,,,,,,,,,,,,,,,,,,,0,,46012004,4601,Bergen,46,Vestland
1296775,16676469,1,ESEK,926597965,         ,Alleen 12,,,,Alléen,ALLEEN 12,12,,5160,Laksevåg,,,,,,Alléen 12,5160,Laksevåg,,,,4601,,B,,,0.0,0.0,-33242,6733648,10,Vestlandet,Vestland,BERGEN,05,Laksevåg,46012004,Frydenbø,,,,,1210291200000,15,NO,Norway,1,Europa,97000,Lønnet arbeid i private husholdninger,,,,,,,,,,,,,,,,,,,,,,,,,,,,,,,,,,,,,,,5.0,0-1,,,"0-0,9",,,,,,,,06AA855ED616EDFC,1743828073000,97,9,970,9700,97000,"Alléen 12, 5160 Laksevåg",,256910474.0,,,0.0,0.0,T,Lønnet arbeid i private husholdninger,,,,,,,,,,,,,,,,,,,0,,46012004,4601,Bergen,46,Vestland
1296938,16676756,1,,926775901,926597965,Alleen 12,,,,Alléen,ALLEEN 12,12,,5160,Laksevåg,,,,,,Alléen 12,5160,Laksevåg,,,,4601,,B,,,0.0,0.0,-33242,6733648,10,Vestlandet,Vestland,BERGEN,05,Laksevåg,46012004,Frydenbø,,,,,1612137600000,2,NO,Norway,1,Europa,97000,Lønnet arbeid i private husholdninger,,,,,,,,,,,,,,,,,,,,,,,,,,,,,,,,,,,,,,,5.0,0-1,,,"0-0,9",,,,,,,,06AA855E2923B47B,1743828073000,97,9,970,9700,97000,"Alléen 12, 5160 Laksevåg",,256910474.0,,,0.0,0.0,T,Lønnet arbeid i private husholdninger,,,,,,,,,,,,,,,,,,,0,,46012004,4601,Bergen,46,Vestland
1319394,16714546,1,ENK,927169479,,Ask Permakultur,,,,ALLÉEN,ASK PERMAKULTUR,2,,5160,Laksevåg,,,,,,Alléen 2,5160,Laksevåg,,46541209,,4601,,B,,,0.0,0.0,-33248,6733720,10,Vestlandet,Vestland,BERGEN,05,Laksevåg,46012004,Frydenbø,,,,,1622246400000,3,NO,Norway,1,Europa,47919,Postordre-/internetthandel med annet spesialisert vareutvalg,,,,,,,,,,,,,,,,,,,,,,,,,,,,,,,,,,,,,,,,0-1,Personlig næringsdrivende,Privat sektor,"0-0,9",,,,,,,,F07F53EA0DC93E0D,1743828073000,47,4,479,4791,47919,"Alléen 2, 5160 Laksevåg",Joacim Vagtskjold Ask,256910466.0,,,0.0,0.0,G,"Varehandel, reparasjon av motorvogner",,,,,,,,,,,,,,,,,,,0,,46012004,4601,Bergen,46,Vestland
1328333,16729468,9,BEDR,927331268,927169479,Ask Permakultur,,,,ALLÉEN,ASK PERMAKULTUR,2,,5160,Laksevåg,,,,,,Alléen 2,5160,Laksevåg,,,,4601,,B,,,0.0,0.0,-33248,6733720,10,Vestlandet,Vestland,BERGEN,05,Laksevåg,46012004,Frydenbø,,,,,1623283200000,2,NO,Norway,1,Europa,47919,Postordre-/internetthandel med annet spesialisert vareutvalg,,,,,,,,,,,,,,,,,,,,,,,,,,,,,,,,,,,,,,,1.0,0-1,,,"0-0,9",,,,,,,,F07F53EAD87D67A7,1743828073000,47,4,479,4791,47919,"Alléen 2, 5160 Laksevåg",,256910466.0,,,0.0,0.0,G,"Varehandel, reparasjon av motorvogner",,,,,,,,,,,,,,,,,,,0,,46012004,4601,Bergen,46,Vestland
1357450,16778169,1,ESEK,927779889,         ,Sameiet Damsgårdsveien 170,,,,Damsgårdsveien,SAMEIET DAMSGÅRDSVEIEN 170,170,,5160,Laksevåg,,,,,,Damsgårdsveien 170,5160,Laksevåg,,,,4601,,B,,,0.0,0.0,-33227,6733708,10,Vestlandet,Vestland,BERGEN,05,Laksevåg,46012004,Frydenbø,,,,,1038528000000,21,NO,Norway,1,Europa,97000,Lønnet arbeid i private husholdninger,,,,,,,,,,,,,,,,,,,,,,,,,,,,,,,,,,,,,,,,0-1,,,"0-0,9",,,,,,,,565A57A083BB5B99,1743828073000,97,9,970,9700,97000,"Damsgårdsveien 170, 5160 Laksevåg",,256960074.0,,,0.0,0.0,T,Lønnet arbeid i private husholdninger,,,,,,,,,,,,,,,,,,,0,,46012004,4601,Bergen,46,Vestland
1358155,16779280,9,,927846365,927779889,Sameiet Damsgårdsveien 170,,,,Damsgårdsveien,SAMEIET DAMSGÅRDSVEIEN 170,170,,5160,Laksevåg,,,,,,Damsgårdsveien 170,5160,Laksevåg,,,,4601,,B,,,0.0,0.0,-33227,6733708,10,Vestlandet,Vestland,BERGEN,05,Laksevåg,46012004,Frydenbø,,,,,1619740800000,2,NO,Norway,1,Europa,97000,Lønnet arbeid i private husholdninger,,,,,,,,,,,,,,,,,,,,,,,,,,,,,,,,,,,,,,,,0-1,,,"0-0,9",,,,,,,,565A57A0D1BBB349,1743828073000,97,9,970,9700,97000,"Damsgårdsveien 170, 5160 Laksevåg",,256960074.0,,,0.0,0.0,T,Lønnet arbeid i private husholdninger,,,,,,,,,,,,,,,,,,,0,,46012004,4601,Bergen,46,Vestland
1389320,16830873,9,BEDR,928370097,916357001,Daiyen Jone Castro,,,,Alléen,DAIYEN JONE CASTRO,15,,5160,Laksevåg,,,,,,Alléen 15,5160,Laksevåg,,,,4601,,B,,,0.0,0.0,-33262,6733621,10,Vestlandet,Vestland,BERGEN,05,Laksevåg,46012004,Frydenbø,,,,,1577836800000,4,NO,Norway,1,Europa,90011,Utøvende kunstnere og underholdningsvirksomhet innen musikk,,,,,,,,,,,,,,,,,,,,,,,,,,,,,,,,,,,,,,,,0-1,,,"0-0,9",,,,,,,,42602DB3D9B2AE2F,1743828073000,90,9,900,9001,90011,"Alléen 15, 5160 Laksevåg",,256910477.0,,,0.0,0.0,R,"Kulturell virksomhet, underholdning og fritidsaktiviteter",,,,,,,,,,,,,,,,,,,0,,46012004,4601,Bergen,46,Vestland
1440818,16911360,1,ENK,929241975,         ,Eryk Kaminski,,,,ALLÉEN,ERYK KAMINSKI,8,,5160,Laksevåg,,,,,,Alléen 8,5160,Laksevåg,,47686150,,4601,,B,,,0.0,0.0,-33245,6733665,10,Vestlandet,Vestland,BERGEN,05,Laksevåg,46012004,Frydenbø,,,,,1653091200000,1,NO,Norway,1,Europa,47912,"Postordre-/internetthandel med tekstiler, utstyrsvarer, klær, skotøy, reiseeffekter og lærvarer",,,,,,,,,,,,,,,,,,,,,,,,,,,,,,,,,,,,,,,,0-1,Personlig næringsdrivende,Privat sektor,"0-0,9",,,,,,,,6C63E5195418099C,1743828073000,47,4,479,4791,47912,"Alléen 8, 5160 Laksevåg",Eryk Kaminski,256910472.0,,,0.0,0.0,G,"Varehandel, reparasjon av motorvogner",,,,,,,,,,,,,,,,,,,0,,46012004,4601,Bergen,46,Vestland
1494292,16993347,1,ENK,930115436,         ,Aleksander Nygård Tonheim Kunst,,,,Fyllingsveien,ALEKSANDER NYGÅRD TONHEIM KUNST,29,,5160,Laksevåg,,,,,,Fyllingsveien 29,5160,Laksevåg,,90574389,,4601,,B,,,0.0,0.0,-33202,6733646,10,Vestlandet,Vestland,BERGEN,05,Laksevåg,46012004,Frydenbø,,,,,1667260800000,1,NO,Norway,1,Europa,90012,Utøvende kunstnere og underholdningsvirksomhet innen scenekunst,,,,,,,,,,,,,,,,,,,,,,,,,,,,,,,,,,,,,,,,0-1,Personlig næringsdrivende,Privat sektor,"0-0,9",,,,,,,,60F0B6F44BCDD5A6,1743828073000,90,9,900,9001,90012,"Fyllingsveien 29, 5160 Laksevåg",Aleksander Nygård Tonheim,256912607.0,,,0.0,0.0,R,"Kulturell virksomhet, underholdning og fritidsaktiviteter",,,,,,,,,,,,,,,,,,,0,,46012004,4601,Bergen,46,Vestland
1502557,17005996,9,BEDR,930271101,930115436,Aleksander Nygård Tonheim Kunst,,,,Fyllingsveien,ALEKSANDER NYGÅRD TONHEIM KUNST,29,,5160,Laksevåg,,,,,,Fyllingsveien 29,5160,Laksevåg,,,,4601,,B,,,0.0,0.0,-33202,6733646,10,Vestlandet,Vestland,BERGEN,05,Laksevåg,46012004,Frydenbø,,,,,1664841600000,1,NO,Norway,1,Europa,90012,Utøvende kunstnere og underholdningsvirksomhet innen scenekunst,,,,,,,,,,,,,,,,,,,,,,,,,,,,,,,,,,,,,,,,0-1,,,"0-0,9",,,,,,,,60F0B6F453D43B74,1743828073000,90,9,900,9001,90012,"Fyllingsveien 29, 5160 Laksevåg",,256912607.0,,,0.0,0.0,R,"Kulturell virksomhet, underholdning og fritidsaktiviteter",,,,,,,,,,,,,,,,,,,0,,46012004,4601,Bergen,46,Vestland
1517157,17027341,1,AS,930502278,,Damsgårdsveien 172 AS,,,,DAMSGÅRDSVEIEN,DAMSGÅRDSVEIEN 172 AS,172,,5160,Laksevåg,,,,,,Damsgårdsveien 172,5160,Laksevåg,,,,4601,,,,,611.0,486.0,-33244,6733734,10,Vestlandet,Vestland,BERGEN,05,Laksevåg,46012004,Frydenbø,930919802,GRH AS,930919802,GRH AS,1665360000000,2,NO,Norway,1,Europa,68209,Utleie av egen eller leid fast eiendom ellers,,,,,,,,,,,,,,,,,,,,,,,,,,,,,,,,,,,,,,,,0-1,Private aksjeselskaper mv.,Privat sektor,"0-0,9",,,,,,,,C7152CA131327B61,1743828073000,68,6,682,6820,68209,"Damsgårdsveien 172, 5160 Laksevåg",,256960075.0,,,0.0,0.0,L,Omsetning og drift av fast eiendom,,,,,,,,,,,,,,,,,,,0,,46012004,4601,Bergen,46,Vestland
1526596,17041969,9,BEDR,930660019,930502278,Damsgårdsveien 172 AS,,,,DAMSGÅRDSVEIEN,DAMSGÅRDSVEIEN 172 AS,172,,5160,Laksevåg,,,,,,Damsgårdsveien 172,5160,Laksevåg,,,,4601,,B,,,,,-33244,6733734,10,Vestlandet,Vestland,BERGEN,05,Laksevåg,46012004,Frydenbø,,,,,1665360000000,1,NO,Norway,1,Europa,68209,Utleie av egen eller leid fast eiendom ellers,,,,,,,,,,,,,,,,,,,,,,,,,,,,,,,,,,,,,,,,0-1,,,Ukjent,,,,,,,,C7152CA181C1F6EB,1743828073000,68,6,682,6820,68209,"Damsgårdsveien 172, 5160 Laksevåg",,256960075.0,,,0.0,0.0,L,Omsetning og drift av fast eiendom,,,,,,,,,,,,,,,,,,,0,,46012004,4601,Bergen,46,Vestland
1603391,17136827,1,ESEK,931691406,         ,Sameiet Alleen 18,,,,Alléen,SAMEIET ALLEEN 18,18,,5160,Laksevåg,,,,,,Alléen 18,5160,Laksevåg,,,,4601,,B,,,,,-33244,6733614,10,Vestlandet,Vestland,BERGEN,05,Laksevåg,46012004,Frydenbø,,,,,1563408000000,4,NO,Norway,1,Europa,97000,Lønnet arbeid i private husholdninger,,,,,,,,,,,,,,,,,,,,,,,,,,,,,,,,,,,,,,,,0-1,,,Ukjent,,,,,,,,98769F940A38F3DE,1743828073000,97,9,970,9700,97000,"Alléen 18, 5160 Laksevåg",,256910480.0,,,0.0,0.0,T,Lønnet arbeid i private husholdninger,,,,,,,,,,,,,,,,,,,0,,46012004,4601,Bergen,46,Vestland
1603453,17136903,9,,931699288,931691406,Sameiet Alleen 18,,,,Alléen,SAMEIET ALLEEN 18,18,,5160,Laksevåg,,,,,,Alléen 18,5160,Laksevåg,,,,4601,,B,,,,,-33244,6733614,10,Vestlandet,Vestland,BERGEN,05,Laksevåg,46012004,Frydenbø,,,,,1688688000000,,NO,Norway,1,Europa,97000,Lønnet arbeid i private husholdninger,,,,,,,,,,,,,,,,,,,,,,,,,,,,,,,,,,,,,,,,0-1,,,Ukjent,,,,,,,,98769F940B2023C9,1743828073000,97,9,970,9700,97000,"Alléen 18, 5160 Laksevåg",,256910480.0,,,0.0,0.0,T,Lønnet arbeid i private husholdninger,,,,,,,,,,,,,,,,,,,0,,46012004,4601,Bergen,46,Vestland
1643959,17185409,1,AS,932195429,,Rutledal Elektro AS,,,,DAMSGÅRDSVEIEN,RUTLEDAL ELEKTRO AS,167,,5160,Laksevåg,,,,,,Damsgårdsveien 167,5160,Laksevåg,55929406,55929406,,4601,,,www.rutledalelektro.no,14.0,17507.0,-830.0,-33212,6733768,10,Vestlandet,Vestland,BERGEN,05,Laksevåg,46012004,Frydenbø,931769219,Mani Bergen AS,931769219,Mani Bergen AS,1693958400000,1,NO,Norway,1,Europa,43210,Elektrisk installasjonsarbeid,,,,,,,,,,,,,,,,,,,,,,,,,,,,,,,,,,,,,,,,10-14,Private aksjeselskaper mv.,Privat sektor,10000-24999,,BERGEN REVISJON AS                                                       ,REVI  ,Strandgaten 9                                                            ,5013.0,BERGEN                               ,NO   ,058E56203E0D6930,1743828073000,43,4,432,4321,43210,"Damsgårdsveien 167, 5160 Laksevåg",Jan Olav Rutledal,256960071.0,,,0.0,0.0,F,Bygge- og anleggsvirksomhet,,,,,,,,,,,,,,,,,,,0,,46012004,4601,Bergen,46,Vestland
1650129,17192763,1,ENK,932322919,         ,Oda Sofie Magnussen,,,,Alléen,ODA SOFIE MAGNUSSEN,4,A,5160,Laksevåg,,,,,,Alléen 4 A,5160,Laksevåg,,,,4601,,B,,,,,-33202,6733682,10,Vestlandet,Vestland,BERGEN,05,Laksevåg,46012004,Frydenbø,,,,,1698105600000,,NO,Norway,1,Europa,96090,Personlig tjenesteyting ikke nevnt annet sted,,,,,,,,,,,,,,,,,,,,,,,,,,,,,,,,,,,,,,,,0-1,Personlig næringsdrivende,Privat sektor,Ukjent,,,,,,,,BDB2F3FA0AF1BB67,1743828073000,96,9,960,9609,96090,"Alléen 4A, 5160 Laksevåg",Oda Sofie Magnussen,256910468.0,,,0.0,0.0,S,Annen tjenesteyting,,,,,,,,,,,,,,,,,,,0,,46012004,4601,Bergen,46,Vestland
1650298,17192967,9,BEDR,932325543,932322919,Oda Sofie Magnussen,,,,Alléen,ODA SOFIE MAGNUSSEN,4,A,5160,Laksevåg,,,,,,Alléen 4 A,5160,Laksevåg,,,,4601,,B,,,,,-33202,6733682,10,Vestlandet,Vestland,BERGEN,05,Laksevåg,46012004,Frydenbø,,,,,1697587200000,,NO,Norway,1,Europa,96090,Personlig tjenesteyting ikke nevnt annet sted,,,,,,,,,,,,,,,,,,,,,,,,,,,,,,,,,,,,,,,,0-1,,,Ukjent,,,,,,,,BDB2F3FAB8A7287B,1743828073000,96,9,960,9609,96090,"Alléen 4A, 5160 Laksevåg",,256910468.0,,,0.0,0.0,S,Annen tjenesteyting,,,,,,,,,,,,,,,,,,,0,,46012004,4601,Bergen,46,Vestland
1673723,17220864,1,ENK,932683881,,Administrativ Konsulenttjeneste Pircer,,,,ALLÉEN,ADMINISTRATIV KONSULENTTJENESTE PIRCER,6,C,5160,Laksevåg,,,,,,Alléen 6 C,5160,Laksevåg,,,,4601,,B,,,,,-33212,6733686,10,Vestlandet,Vestland,BERGEN,05,Laksevåg,46012004,Frydenbø,,,,,1702598400000,,NO,Norway,1,Europa,70220,Bedriftsrådgivning og annen administrativ rådgivning,,,,,,,,,,,,,,,,,,,,,,,,,,,,,,,,,,,,,,,,0-1,Personlig næringsdrivende,Privat sektor,Ukjent,,,,,,,,AD7834E9CCC57A00,1743828073000,70,7,702,7022,70220,"Alléen 6C, 5160 Laksevåg",Saskia Pircer,256910471.0,,,0.0,0.0,M,"Faglig, vitenskapelig og teknisk tjenesteyting",,,,,,,,,,,,,,,,,,,0,,46012004,4601,Bergen,46,Vestland
1673875,17221031,9,BEDR,932686198,932683881,Administrativ Konsulenttjeneste Pircer,,,,Alléen,ADMINISTRATIV KONSULENTTJENESTE PIRCER,6,C,5160,Laksevåg,,,,,,Alléen 6 C,5160,Laksevåg,,,,4601,,B,,,,,-33212,6733686,10,Vestlandet,Vestland,BERGEN,05,Laksevåg,46012004,Frydenbø,,,,,1701388800000,,NO,Norway,1,Europa,70220,Bedriftsrådgivning og annen administrativ rådgivning,,,,,,,,,,,,,,,,,,,,,,,,,,,,,,,,,,,,,,,,0-1,,,Ukjent,,,,,,,,AD7834E96890F339,1743828073000,70,7,702,7022,70220,"Alléen 6C, 5160 Laksevåg",,256910471.0,,,0.0,0.0,M,"Faglig, vitenskapelig og teknisk tjenesteyting",,,,,,,,,,,,,,,,,,,0,,46012004,4601,Bergen,46,Vestland
1773100,17458281,1,ENK,933858251,,Monstad Poker,,,,ALLÉEN,MONSTAD POKER,6,B,5160,Laksevåg,,,,,,Alléen 6 B,5160,Laksevåg,,95461983,,4601,,,,,,,-33225,6733689,10,Vestlandet,Vestland,BERGEN,05,Laksevåg,46012004,Frydenbø,,,,,1722470400000,,NO,Norway,1,Europa,96090,Personlig tjenesteyting ikke nevnt annet sted,,,,,,,,,,,,,,,,,,,,,,,,,,,,,,,,,,,,,,,,0-1,Personlig næringsdrivende,Privat sektor,Ukjent,,,,,,,,CD1F5FBB1571B804,1743828073000,96,9,960,9609,96090,"Alléen 6B, 5160 Laksevåg",,256910470.0,,,0.0,0.0,S,Annen tjenesteyting,,,,,,,,,,,,,,,,,,,0,,46012004,4601,Bergen,46,Vestland
1773274,17458473,9,BEDR,933862933,928121429,Wolt Market Bergen,,,,DAMSGÅRDSVEIEN,WOLT MARKET BERGEN,167,,5160,Laksevåg,,,,,,Kongens Gate 4,0153,Oslo,,,,4601,,,,11.0,,,-33212,6733768,10,Vestlandet,Vestland,BERGEN,05,Laksevåg,46012004,Frydenbø,,,,,1722470400000,,NO,Norway,1,Europa,47919,Postordre-/internetthandel med annet spesialisert vareutvalg,,,,,,,,,,,,,,,,,,,,,,,,,,,,,,,,,,,,,,,,10-14,,,Ukjent,,,,,,,,058E562035652967,1743828073000,47,4,479,4791,47919,"Damsgårdsveien 167, 5160 Laksevåg",,256960071.0,,,0.0,0.0,G,"Varehandel, reparasjon av motorvogner",,,,,,,,,,,,,,,,,,,0,,46012004,4601,Bergen,46,Vestland
1785314,17472374,1,KBO,934004809,,ALL Service Team AS Tvangsavviklingsbo,,,,DAMSGÅRDSVEIEN,ALL SERVICE TEAM AS TVANGSAVVIKLINGSBO,167,,5160,Laksevåg,Postboks,4115,Sandviken,5835,Bergen,Postboks 4115 Sandviken,5835,Bergen,,,,4601,,,,,,,-33212,6733768,10,Vestlandet,Vestland,BERGEN,05,Laksevåg,46012004,Frydenbø,,,,,1725235200000,,NO,Norway,1,Europa,81210,Rengjøring av bygninger,,,,,,,,,,,,,,,,,,,,,,,,,,,,,,,,,,,,,,,,0-1,,,Ukjent,,,,,,,,058E5620A8E4F56C,1743828073000,81,8,812,8121,81210,"Damsgårdsveien 167, 5160 Laksevåg",,256960071.0,,,0.0,0.0,N,Forretningsmessig tjenesteyting,,,,,,,,,,,,,,,,,,,0,,46012004,4601,Bergen,46,Vestland
1785321,17472381,9,,934004817,934004809,ALL Service Team AS Tvangsavviklingsbo,,,,DAMSGÅRDSVEIEN,ALL SERVICE TEAM AS TVANGSAVVIKLINGSBO,167,,5160,Laksevåg,Postboks,4115,Sandviken,5835,Bergen,Postboks 4115 Sandviken,5835,Bergen,,,,4601,,,,,,,-33212,6733768,10,Vestlandet,Vestland,BERGEN,05,Laksevåg,46012004,Frydenbø,,,,,1725235200000,,NO,Norway,1,Europa,,,,,,,,,,,,,,,,,,,,,,,,,,,,,,,,,,,,,,,,,,0-1,,,Ukjent,,,,,,,,058E562015B94385,1743828073000,0,0,0,0,0,"Damsgårdsveien 167, 5160 Laksevåg",,256960071.0,,,0.0,0.0,,,,,,,,,,,,,,,,,,,,,0,,46012004,4601,Bergen,46,Vestland
1786896,17474051,9,BEDR,934019911,933858251,Monstad Poker,,,,ALLÉEN,MONSTAD POKER,6,B,5160,Laksevåg,,,,,,Alléen 6 B,5160,Laksevåg,,,,4601,,,,,,,-33225,6733689,10,Vestlandet,Vestland,BERGEN,05,Laksevåg,46012004,Frydenbø,,,,,1704067200000,,NO,Norway,1,Europa,96090,Personlig tjenesteyting ikke nevnt annet sted,,,,,,,,,,,,,,,,,,,,,,,,,,,,,,,,,,,,,,,,0-1,,,Ukjent,,,,,,,,CD1F5FBBEA386B4B,1743828073000,96,9,960,9609,96090,"Alléen 6B, 5160 Laksevåg",,256910470.0,,,0.0,0.0,S,Annen tjenesteyting,,,,,,,,,,,,,,,,,,,0,,46012004,4601,Bergen,46,Vestland
1806521,17494923,1,ENK,934256999,,Brukt Senger og Møbler Jalali,,,,ALLÉEN,BRUKT SENGER OG MØBLER JALALI,13,,5160,Laksevåg,,,,,,Alléen 13,5160,Laksevåg,,,,4601,,,,,,,-33267,6733642,10,Vestlandet,Vestland,BERGEN,05,Laksevåg,46012004,Frydenbø,,,,,1728604800000,,NO,Norway,1,Europa,47591,Butikkhandel med møbler,,,,,,,,,,,,,,,,,,,,,,,,,,,,,,,,,,,,,,,,0-1,Personlig næringsdrivende,Privat sektor,Ukjent,,,,,,,,5C79632BAE68CB4A,1743828073000,47,4,475,4759,47591,"Alléen 13, 5160 Laksevåg",,256910475.0,,,0.0,0.0,G,"Varehandel, reparasjon av motorvogner",,,,,,,,,,,,,,,,,,,4,Hus og hjem,46012004,4601,Bergen,46,Vestland
1818022,17507103,9,BEDR,934387163,934256999,Brukt Senger og Møbler Jalali,,,,ALLÉEN,BRUKT SENGER OG MØBLER JALALI,13,,5160,Laksevåg,,,,,,Alléen 13,5160,Laksevåg,,,,4601,,,,,,,-33267,6733642,10,Vestlandet,Vestland,BERGEN,05,Laksevåg,46012004,Frydenbø,,,,,1727740800000,,NO,Norway,1,Europa,47591,Butikkhandel med møbler,,,,,,,,,,,,,,,,,,,,,,,,,,,,,,,,,,,,,,,,0-1,,,Ukjent,,,,,,,,5C79632B592423EA,1743828073000,47,4,475,4759,47591,"Alléen 13, 5160 Laksevåg",,256910475.0,,,0.0,0.0,G,"Varehandel, reparasjon av motorvogner",,,,,,,,,,,,,,,,,,,4,Hus og hjem,46012004,4601,Bergen,46,Vestland
1825569,17514963,1,AS,934480007,,An Bolig AS,,,,DAMSGÅRDSVEIEN,AN BOLIG AS,172,,5160,Laksevåg,,,,,,Damsgårdsveien 172,5160,Laksevåg,,,,4601,,,,,,,-33244,6733734,10,Vestlandet,Vestland,BERGEN,05,Laksevåg,46012004,Frydenbø,930919802,GRH AS,930919802,GRH AS,1730246400000,,NO,Norway,1,Europa,68100,Kjøp og salg av egen fast eiendom,,,,,,,,,,,,,,,,,,,,,,,,,,,,,,,,,,,,,,,,0-1,Private aksjeselskaper mv.,Privat sektor,Ukjent,,,,,,,,C7152CA133E99D91,1743828073000,68,6,681,6810,68100,"Damsgårdsveien 172, 5160 Laksevåg",,256960075.0,,,0.0,0.0,L,Omsetning og drift av fast eiendom,,,,,,,,,,,,,,,,,,,0,,46012004,4601,Bergen,46,Vestland
1835805,17525631,9,BEDR,934594762,934480007,An Bolig AS,,,,DAMSGÅRDSVEIEN,AN BOLIG AS,172,,5160,Laksevåg,,,,,,Damsgårdsveien 172,5160,Laksevåg,,,,4601,,,,,,,-33244,6733734,10,Vestlandet,Vestland,BERGEN,05,Laksevåg,46012004,Frydenbø,,,,,1729123200000,,NO,Norway,1,Europa,68100,Kjøp og salg av egen fast eiendom,,,,,,,,,,,,,,,,,,,,,,,,,,,,,,,,,,,,,,,,0-1,,,Ukjent,,,,,,,,C7152CA11DB57796,1743828073000,68,6,681,6810,68100,"Damsgårdsveien 172, 5160 Laksevåg",,256960075.0,,,0.0,0.0,L,Omsetning og drift av fast eiendom,,,,,,,,,,,,,,,,,,,0,,46012004,4601,Bergen,46,Vestland
1844668,17534842,9,BEDR,934707176,924803010,Lege Ane Øien,,,,DAMSGÅRDSVEIEN,LEGE ANE ØIEN,167,,5160,Laksevåg,,,,,,Damsgårdsveien 167,5160,Laksevåg,,,,4601,,,,,,,-33212,6733768,10,Vestlandet,Vestland,BERGEN,05,Laksevåg,46012004,Frydenbø,,,,,1672531200000,1,NO,Norway,1,Europa,86211,Allmenn legetjeneste,,,,,,,,,,,,,,,,,,,,,,,,,,,,,,,,,,,,,,,,0-1,,,Ukjent,,,,,,,,058E5620B0348F77,1743828073000,86,8,862,8621,86211,"Damsgårdsveien 167, 5160 Laksevåg",,256960071.0,,,0.0,0.0,Q,Helse- og sosialtjenester,,,,,,,,,,,,,,,,,,,8,Annen virksomhet,46012004,4601,Bergen,46,Vestland
1847258,17537451,9,BEDR,934702190,922973334,Zdata Holding AS,,,,DAMSGÅRDSVEIEN,ZDATA HOLDING AS,167,,5160,Laksevåg,,,,,,Damsgårdsveien 167,5160,Laksevåg,,,,4601,,,,,,,-33212,6733768,10,Vestlandet,Vestland,BERGEN,05,Laksevåg,46012004,Frydenbø,,,,,1672531200000,1,NO,Norway,1,Europa,68209,Utleie av egen eller leid fast eiendom ellers,,,,,,,,,,,,,,,,,,,,,,,,,,,,,,,,,,,,,,,,0-1,,,Ukjent,,,,,,,,058E5620B5600361,1743828073000,68,6,682,6820,68209,"Damsgårdsveien 167, 5160 Laksevåg",,256960071.0,,,0.0,0.0,L,Omsetning og drift av fast eiendom,,,,,,,,,,,,,,,,,,,0,,46012004,4601,Bergen,46,Vestland
